"REF_DATE","GEO","DGUID","Type of fuel","UOM","UOM_ID","SCALAR_FACTOR","SCALAR_ID","VECTOR","COORDINATE","VALUE","STATUS","SYMBOL","TERMINATED","DECIMALS"
"2021-01","Canada","2016A000011124","Regular unleaded gasoline at self service filling stations","Cents per litre","57","units","0","v1352087861","20.2","111.0","","","","1"
"2021-02","Canada","2016A000011124","Regular unleaded gasoline at self service filling stations","Cents per litre","57","units","0","v1352087861","20.2","118.2","","","","1"
"2021-03","Canada","2016A000011124","Regular unleaded gasoline at self service filling stations","Cents per litre","57","units","0","v1352087861","20.2","125.0","","","","1"
"2021-04","Canada","2016A000011124","Regular unleaded gasoline at self service filling stations","Cents per litre","57","units","0","v1352087861","20.2","127.5","","","","1"
"2021-05","Canada","2016A000011124","Regular unleaded gasoline at self service filling stations","Cents per litre","57","units","0","v1352087861","20.2","131.5","","","","1"
"2021-06","Canada","2016A000011124","Regular unleaded gasoline at self service filling stations","Cents per litre","57","units","0","v1352087861","20.2","133.7","","","","1"
"2021-07","Canada","2016A000011124","Regular unleaded gasoline at self service filling stations","Cents per litre","57","units","0","v1352087861","20.2","138.4","","","","1"
"2021-08","Canada","2016A000011124","Regular unleaded gasoline at self service filling stations","Cents per litre","57","units","0","v1352087861","20.2","139.0","","","","1"
"2021-09","Canada","2016A000011124","Regular unleaded gasoline at self service filling stations","Cents per litre","57","units","0","v1352087861","20.2","138.9","","","","1"
"2021-10","Canada","2016A000011124","Regular unleaded gasoline at self service filling stations","Cents per litre","57","units","0","v1352087861","20.2","146.0","","","","1"
"2021-11","Canada","2016A000011124","Regular unleaded gasoline at self service filling stations","Cents per litre","57","units","0","v1352087861","20.2","145.8","","","","1"
"2021-12","Canada","2016A000011124","Regular unleaded gasoline at self service filling stations","Cents per litre","57","units","0","v1352087861","20.2","140.0","","","","1"
"2022-01","Canada","2016A000011124","Regular unleaded gasoline at self service filling stations","Cents per litre","57","units","0","v1352087861","20.2","146.6","","","","1"
"2022-02","Canada","2016A000011124","Regular unleaded gasoline at self service filling stations","Cents per litre","57","units","0","v1352087861","20.2","156.8","","","","1"
"2022-03","Canada","2016A000011124","Regular unleaded gasoline at self service filling stations","Cents per litre","57","units","0","v1352087861","20.2","175.2","","","","1"
"2022-04","Canada","2016A000011124","Regular unleaded gasoline at self service filling stations","Cents per litre","57","units","0","v1352087861","20.2","173.8","","","","1"
"2022-05","Canada","2016A000011124","Regular unleaded gasoline at self service filling stations","Cents per litre","57","units","0","v1352087861","20.2","194.8","","","","1"
"2022-06","Canada","2016A000011124","Regular unleaded gasoline at self service filling stations","Cents per litre","57","units","0","v1352087861","20.2","207.2","","","","1"
"2022-07","Canada","2016A000011124","Regular unleaded gasoline at self service filling stations","Cents per litre","57","units","0","v1352087861","20.2","187.8","","","","1"
"2022-08","Canada","2016A000011124","Regular unleaded gasoline at self service filling stations","Cents per litre","57","units","0","v1352087861","20.2","169.6","","","","1"
"2022-09","Canada","2016A000011124","Regular unleaded gasoline at self service filling stations","Cents per litre","57","units","0","v1352087861","20.2","156.4","","","","1"
"2022-10","Canada","2016A000011124","Regular unleaded gasoline at self service filling stations","Cents per litre","57","units","0","v1352087861","20.2","171.5","","","","1"
"2022-11","Canada","2016A000011124","Regular unleaded gasoline at self service filling stations","Cents per litre","57","units","0","v1352087861","20.2","165.3","","","","1"
"2022-12","Canada","2016A000011124","Regular unleaded gasoline at self service filling stations","Cents per litre","57","units","0","v1352087861","20.2","143.6","","","","1"
"2023-01","Canada","2016A000011124","Regular unleaded gasoline at self service filling stations","Cents per litre","57","units","0","v1352087861","20.2","150.3","","","","1"
"2023-02","Canada","2016A000011124","Regular unleaded gasoline at self service filling stations","Cents per litre","57","units","0","v1352087861","20.2","148.5","","","","1"
"2023-03","Canada","2016A000011124","Regular unleaded gasoline at self service filling stations","Cents per litre","57","units","0","v1352087861","20.2","150.3","","","","1"
"2023-04","Canada","2016A000011124","Regular unleaded gasoline at self service filling stations","Cents per litre","57","units","0","v1352087861","20.2","160.1","","","","1"
"2021-01","St. John's, Newfoundland and Labrador","2011S0503001","Regular unleaded gasoline at self service filling stations","Cents per litre","57","units","0","v735082","2.2","124.8","","","","1"
"2021-02","St. John's, Newfoundland and Labrador","2011S0503001","Regular unleaded gasoline at self service filling stations","Cents per litre","57","units","0","v735082","2.2","130.8","","","","1"
"2021-03","St. John's, Newfoundland and Labrador","2011S0503001","Regular unleaded gasoline at self service filling stations","Cents per litre","57","units","0","v735082","2.2","141.6","","","","1"
"2021-04","St. John's, Newfoundland and Labrador","2011S0503001","Regular unleaded gasoline at self service filling stations","Cents per litre","57","units","0","v735082","2.2","141.2","","","","1"
"2021-05","St. John's, Newfoundland and Labrador","2011S0503001","Regular unleaded gasoline at self service filling stations","Cents per litre","57","units","0","v735082","2.2","143.5","","","","1"
"2021-06","St. John's, Newfoundland and Labrador","2011S0503001","Regular unleaded gasoline at self service filling stations","Cents per litre","57","units","0","v735082","2.2","145.0","","","","1"
"2021-07","St. John's, Newfoundland and Labrador","2011S0503001","Regular unleaded gasoline at self service filling stations","Cents per litre","57","units","0","v735082","2.2","153.4","","","","1"
"2021-08","St. John's, Newfoundland and Labrador","2011S0503001","Regular unleaded gasoline at self service filling stations","Cents per litre","57","units","0","v735082","2.2","151.9","","","","1"
"2021-09","St. John's, Newfoundland and Labrador","2011S0503001","Regular unleaded gasoline at self service filling stations","Cents per litre","57","units","0","v735082","2.2","153.8","","","","1"
"2021-10","St. John's, Newfoundland and Labrador","2011S0503001","Regular unleaded gasoline at self service filling stations","Cents per litre","57","units","0","v735082","2.2","160.2","","","","1"
"2021-11","St. John's, Newfoundland and Labrador","2011S0503001","Regular unleaded gasoline at self service filling stations","Cents per litre","57","units","0","v735082","2.2","159.1","","","","1"
"2021-12","St. John's, Newfoundland and Labrador","2011S0503001","Regular unleaded gasoline at self service filling stations","Cents per litre","57","units","0","v735082","2.2","151.7","","","","1"
"2022-01","St. John's, Newfoundland and Labrador","2011S0503001","Regular unleaded gasoline at self service filling stations","Cents per litre","57","units","0","v735082","2.2","159.2","","","","1"
"2022-02","St. John's, Newfoundland and Labrador","2011S0503001","Regular unleaded gasoline at self service filling stations","Cents per litre","57","units","0","v735082","2.2","170.9","","","","1"
"2022-03","St. John's, Newfoundland and Labrador","2011S0503001","Regular unleaded gasoline at self service filling stations","Cents per litre","57","units","0","v735082","2.2","187.8","","","","1"
"2022-04","St. John's, Newfoundland and Labrador","2011S0503001","Regular unleaded gasoline at self service filling stations","Cents per litre","57","units","0","v735082","2.2","189.9","","","","1"
"2022-05","St. John's, Newfoundland and Labrador","2011S0503001","Regular unleaded gasoline at self service filling stations","Cents per litre","57","units","0","v735082","2.2","215.5","","","","1"
"2022-06","St. John's, Newfoundland and Labrador","2011S0503001","Regular unleaded gasoline at self service filling stations","Cents per litre","57","units","0","v735082","2.2","219.7","","","","1"
"2022-07","St. John's, Newfoundland and Labrador","2011S0503001","Regular unleaded gasoline at self service filling stations","Cents per litre","57","units","0","v735082","2.2","200.4","","","","1"
"2022-08","St. John's, Newfoundland and Labrador","2011S0503001","Regular unleaded gasoline at self service filling stations","Cents per litre","57","units","0","v735082","2.2","184.3","","","","1"
"2022-09","St. John's, Newfoundland and Labrador","2011S0503001","Regular unleaded gasoline at self service filling stations","Cents per litre","57","units","0","v735082","2.2","166.8","","","","1"
"2022-10","St. John's, Newfoundland and Labrador","2011S0503001","Regular unleaded gasoline at self service filling stations","Cents per litre","57","units","0","v735082","2.2","180.1","","","","1"
"2022-11","St. John's, Newfoundland and Labrador","2011S0503001","Regular unleaded gasoline at self service filling stations","Cents per litre","57","units","0","v735082","2.2","181.2","","","","1"
"2022-12","St. John's, Newfoundland and Labrador","2011S0503001","Regular unleaded gasoline at self service filling stations","Cents per litre","57","units","0","v735082","2.2","157.8","","","","1"
"2023-01","St. John's, Newfoundland and Labrador","2011S0503001","Regular unleaded gasoline at self service filling stations","Cents per litre","57","units","0","v735082","2.2","165.5","","","","1"
"2023-02","St. John's, Newfoundland and Labrador","2011S0503001","Regular unleaded gasoline at self service filling stations","Cents per litre","57","units","0","v735082","2.2","166.1","","","","1"
"2023-03","St. John's, Newfoundland and Labrador","2011S0503001","Regular unleaded gasoline at self service filling stations","Cents per litre","57","units","0","v735082","2.2","165.1","","","","1"
"2023-04","St. John's, Newfoundland and Labrador","2011S0503001","Regular unleaded gasoline at self service filling stations","Cents per litre","57","units","0","v735082","2.2","174.3","","","","1"
"2021-01","Charlottetown and Summerside, Prince Edward Island","","Regular unleaded gasoline at self service filling stations","Cents per litre","57","units","0","v735092","3.2","109.1","","","","1"
"2021-02","Charlottetown and Summerside, Prince Edward Island","","Regular unleaded gasoline at self service filling stations","Cents per litre","57","units","0","v735092","3.2","115.3","","","","1"
"2021-03","Charlottetown and Summerside, Prince Edward Island","","Regular unleaded gasoline at self service filling stations","Cents per litre","57","units","0","v735092","3.2","125.4","","","","1"
"2021-04","Charlottetown and Summerside, Prince Edward Island","","Regular unleaded gasoline at self service filling stations","Cents per litre","57","units","0","v735092","3.2","126.2","","","","1"
"2021-05","Charlottetown and Summerside, Prince Edward Island","","Regular unleaded gasoline at self service filling stations","Cents per litre","57","units","0","v735092","3.2","129.5","","","","1"
"2021-06","Charlottetown and Summerside, Prince Edward Island","","Regular unleaded gasoline at self service filling stations","Cents per litre","57","units","0","v735092","3.2","130.9","","","","1"
"2021-07","Charlottetown and Summerside, Prince Edward Island","","Regular unleaded gasoline at self service filling stations","Cents per litre","57","units","0","v735092","3.2","137.1","","","","1"
"2021-08","Charlottetown and Summerside, Prince Edward Island","","Regular unleaded gasoline at self service filling stations","Cents per litre","57","units","0","v735092","3.2","136.7","","","","1"
"2021-09","Charlottetown and Summerside, Prince Edward Island","","Regular unleaded gasoline at self service filling stations","Cents per litre","57","units","0","v735092","3.2","137.5","","","","1"
"2021-10","Charlottetown and Summerside, Prince Edward Island","","Regular unleaded gasoline at self service filling stations","Cents per litre","57","units","0","v735092","3.2","143.9","","","","1"
"2021-11","Charlottetown and Summerside, Prince Edward Island","","Regular unleaded gasoline at self service filling stations","Cents per litre","57","units","0","v735092","3.2","143.5","","","","1"
"2021-12","Charlottetown and Summerside, Prince Edward Island","","Regular unleaded gasoline at self service filling stations","Cents per litre","57","units","0","v735092","3.2","134.6","","","","1"
"2022-01","Charlottetown and Summerside, Prince Edward Island","","Regular unleaded gasoline at self service filling stations","Cents per litre","57","units","0","v735092","3.2","143.5","","","","1"
"2022-02","Charlottetown and Summerside, Prince Edward Island","","Regular unleaded gasoline at self service filling stations","Cents per litre","57","units","0","v735092","3.2","154.8","","","","1"
"2022-03","Charlottetown and Summerside, Prince Edward Island","","Regular unleaded gasoline at self service filling stations","Cents per litre","57","units","0","v735092","3.2","172.4","","","","1"
"2022-04","Charlottetown and Summerside, Prince Edward Island","","Regular unleaded gasoline at self service filling stations","Cents per litre","57","units","0","v735092","3.2","171.0","","","","1"
"2022-05","Charlottetown and Summerside, Prince Edward Island","","Regular unleaded gasoline at self service filling stations","Cents per litre","57","units","0","v735092","3.2","204.5","","","","1"
"2022-06","Charlottetown and Summerside, Prince Edward Island","","Regular unleaded gasoline at self service filling stations","Cents per litre","57","units","0","v735092","3.2","214.2","","","","1"
"2022-07","Charlottetown and Summerside, Prince Edward Island","","Regular unleaded gasoline at self service filling stations","Cents per litre","57","units","0","v735092","3.2","195.5","","","","1"
"2022-08","Charlottetown and Summerside, Prince Edward Island","","Regular unleaded gasoline at self service filling stations","Cents per litre","57","units","0","v735092","3.2","180.0","","","","1"
"2022-09","Charlottetown and Summerside, Prince Edward Island","","Regular unleaded gasoline at self service filling stations","Cents per litre","57","units","0","v735092","3.2","163.7","","","","1"
"2022-10","Charlottetown and Summerside, Prince Edward Island","","Regular unleaded gasoline at self service filling stations","Cents per litre","57","units","0","v735092","3.2","177.1","","","","1"
"2022-11","Charlottetown and Summerside, Prince Edward Island","","Regular unleaded gasoline at self service filling stations","Cents per litre","57","units","0","v735092","3.2","177.0","","","","1"
"2022-12","Charlottetown and Summerside, Prince Edward Island","","Regular unleaded gasoline at self service filling stations","Cents per litre","57","units","0","v735092","3.2","151.2","","","","1"
"2023-01","Charlottetown and Summerside, Prince Edward Island","","Regular unleaded gasoline at self service filling stations","Cents per litre","57","units","0","v735092","3.2","161.8","","","","1"
"2023-02","Charlottetown and Summerside, Prince Edward Island","","Regular unleaded gasoline at self service filling stations","Cents per litre","57","units","0","v735092","3.2","162.7","","","","1"
"2023-03","Charlottetown and Summerside, Prince Edward Island","","Regular unleaded gasoline at self service filling stations","Cents per litre","57","units","0","v735092","3.2","160.7","","","","1"
"2023-04","Charlottetown and Summerside, Prince Edward Island","","Regular unleaded gasoline at self service filling stations","Cents per litre","57","units","0","v735092","3.2","168.4","","","","1"
"2021-01","Halifax, Nova Scotia","2011S0503205","Regular unleaded gasoline at self service filling stations","Cents per litre","57","units","0","v735093","4.2","107.5","","","","1"
"2021-02","Halifax, Nova Scotia","2011S0503205","Regular unleaded gasoline at self service filling stations","Cents per litre","57","units","0","v735093","4.2","115.4","","","","1"
"2021-03","Halifax, Nova Scotia","2011S0503205","Regular unleaded gasoline at self service filling stations","Cents per litre","57","units","0","v735093","4.2","125.0","","","","1"
"2021-04","Halifax, Nova Scotia","2011S0503205","Regular unleaded gasoline at self service filling stations","Cents per litre","57","units","0","v735093","4.2","125.1","","","","1"
"2021-05","Halifax, Nova Scotia","2011S0503205","Regular unleaded gasoline at self service filling stations","Cents per litre","57","units","0","v735093","4.2","127.6","","","","1"
"2021-06","Halifax, Nova Scotia","2011S0503205","Regular unleaded gasoline at self service filling stations","Cents per litre","57","units","0","v735093","4.2","129.2","","","","1"
"2021-07","Halifax, Nova Scotia","2011S0503205","Regular unleaded gasoline at self service filling stations","Cents per litre","57","units","0","v735093","4.2","135.4","","","","1"
"2021-08","Halifax, Nova Scotia","2011S0503205","Regular unleaded gasoline at self service filling stations","Cents per litre","57","units","0","v735093","4.2","134.1","","","","1"
"2021-09","Halifax, Nova Scotia","2011S0503205","Regular unleaded gasoline at self service filling stations","Cents per litre","57","units","0","v735093","4.2","135.1","","","","1"
"2021-10","Halifax, Nova Scotia","2011S0503205","Regular unleaded gasoline at self service filling stations","Cents per litre","57","units","0","v735093","4.2","142.4","","","","1"
"2021-11","Halifax, Nova Scotia","2011S0503205","Regular unleaded gasoline at self service filling stations","Cents per litre","57","units","0","v735093","4.2","140.8","","","","1"
"2021-12","Halifax, Nova Scotia","2011S0503205","Regular unleaded gasoline at self service filling stations","Cents per litre","57","units","0","v735093","4.2","130.7","","","","1"
"2022-01","Halifax, Nova Scotia","2011S0503205","Regular unleaded gasoline at self service filling stations","Cents per litre","57","units","0","v735093","4.2","141.4","","","","1"
"2022-02","Halifax, Nova Scotia","2011S0503205","Regular unleaded gasoline at self service filling stations","Cents per litre","57","units","0","v735093","4.2","153.8","","","","1"
"2022-03","Halifax, Nova Scotia","2011S0503205","Regular unleaded gasoline at self service filling stations","Cents per litre","57","units","0","v735093","4.2","171.1","","","","1"
"2022-04","Halifax, Nova Scotia","2011S0503205","Regular unleaded gasoline at self service filling stations","Cents per litre","57","units","0","v735093","4.2","169.1","","","","1"
"2022-05","Halifax, Nova Scotia","2011S0503205","Regular unleaded gasoline at self service filling stations","Cents per litre","57","units","0","v735093","4.2","195.8","","","","1"
"2022-06","Halifax, Nova Scotia","2011S0503205","Regular unleaded gasoline at self service filling stations","Cents per litre","57","units","0","v735093","4.2","208.1","","","","1"
"2022-07","Halifax, Nova Scotia","2011S0503205","Regular unleaded gasoline at self service filling stations","Cents per litre","57","units","0","v735093","4.2","187.1","","","","1"
"2022-08","Halifax, Nova Scotia","2011S0503205","Regular unleaded gasoline at self service filling stations","Cents per litre","57","units","0","v735093","4.2","170.2","","","","1"
"2022-09","Halifax, Nova Scotia","2011S0503205","Regular unleaded gasoline at self service filling stations","Cents per litre","57","units","0","v735093","4.2","153.5","","","","1"
"2022-10","Halifax, Nova Scotia","2011S0503205","Regular unleaded gasoline at self service filling stations","Cents per litre","57","units","0","v735093","4.2","167.2","","","","1"
"2022-11","Halifax, Nova Scotia","2011S0503205","Regular unleaded gasoline at self service filling stations","Cents per litre","57","units","0","v735093","4.2","170.2","","","","1"
"2022-12","Halifax, Nova Scotia","2011S0503205","Regular unleaded gasoline at self service filling stations","Cents per litre","57","units","0","v735093","4.2","144.0","","","","1"
"2023-01","Halifax, Nova Scotia","2011S0503205","Regular unleaded gasoline at self service filling stations","Cents per litre","57","units","0","v735093","4.2","151.3","","","","1"
"2023-02","Halifax, Nova Scotia","2011S0503205","Regular unleaded gasoline at self service filling stations","Cents per litre","57","units","0","v735093","4.2","151.4","","","","1"
"2023-03","Halifax, Nova Scotia","2011S0503205","Regular unleaded gasoline at self service filling stations","Cents per litre","57","units","0","v735093","4.2","150.1","","","","1"
"2023-04","Halifax, Nova Scotia","2011S0503205","Regular unleaded gasoline at self service filling stations","Cents per litre","57","units","0","v735093","4.2","163.2","","","","1"
"2021-01","Saint John, New Brunswick","2011S0503310","Regular unleaded gasoline at self service filling stations","Cents per litre","57","units","0","v735094","5.2","106.1","","","","1"
"2021-02","Saint John, New Brunswick","2011S0503310","Regular unleaded gasoline at self service filling stations","Cents per litre","57","units","0","v735094","5.2","112.3","","","","1"
"2021-03","Saint John, New Brunswick","2011S0503310","Regular unleaded gasoline at self service filling stations","Cents per litre","57","units","0","v735094","5.2","123.1","","","","1"
"2021-04","Saint John, New Brunswick","2011S0503310","Regular unleaded gasoline at self service filling stations","Cents per litre","57","units","0","v735094","5.2","125.8","","","","1"
"2021-05","Saint John, New Brunswick","2011S0503310","Regular unleaded gasoline at self service filling stations","Cents per litre","57","units","0","v735094","5.2","128.7","","","","1"
"2021-06","Saint John, New Brunswick","2011S0503310","Regular unleaded gasoline at self service filling stations","Cents per litre","57","units","0","v735094","5.2","130.2","","","","1"
"2021-07","Saint John, New Brunswick","2011S0503310","Regular unleaded gasoline at self service filling stations","Cents per litre","57","units","0","v735094","5.2","135.8","","","","1"
"2021-08","Saint John, New Brunswick","2011S0503310","Regular unleaded gasoline at self service filling stations","Cents per litre","57","units","0","v735094","5.2","136.3","","","","1"
"2021-09","Saint John, New Brunswick","2011S0503310","Regular unleaded gasoline at self service filling stations","Cents per litre","57","units","0","v735094","5.2","137.7","","","","1"
"2021-10","Saint John, New Brunswick","2011S0503310","Regular unleaded gasoline at self service filling stations","Cents per litre","57","units","0","v735094","5.2","143.1","","","","1"
"2021-11","Saint John, New Brunswick","2011S0503310","Regular unleaded gasoline at self service filling stations","Cents per litre","57","units","0","v735094","5.2","146.0","","","","1"
"2021-12","Saint John, New Brunswick","2011S0503310","Regular unleaded gasoline at self service filling stations","Cents per litre","57","units","0","v735094","5.2","139.6","","","","1"
"2022-01","Saint John, New Brunswick","2011S0503310","Regular unleaded gasoline at self service filling stations","Cents per litre","57","units","0","v735094","5.2","142.2","","","","1"
"2022-02","Saint John, New Brunswick","2011S0503310","Regular unleaded gasoline at self service filling stations","Cents per litre","57","units","0","v735094","5.2","153.2","","","","1"
"2022-03","Saint John, New Brunswick","2011S0503310","Regular unleaded gasoline at self service filling stations","Cents per litre","57","units","0","v735094","5.2","169.6","","","","1"
"2022-04","Saint John, New Brunswick","2011S0503310","Regular unleaded gasoline at self service filling stations","Cents per litre","57","units","0","v735094","5.2","174.4","","","","1"
"2022-05","Saint John, New Brunswick","2011S0503310","Regular unleaded gasoline at self service filling stations","Cents per litre","57","units","0","v735094","5.2","194.2","","","","1"
"2022-06","Saint John, New Brunswick","2011S0503310","Regular unleaded gasoline at self service filling stations","Cents per litre","57","units","0","v735094","5.2","210.6","","","","1"
"2022-07","Saint John, New Brunswick","2011S0503310","Regular unleaded gasoline at self service filling stations","Cents per litre","57","units","0","v735094","5.2","192.1","","","","1"
"2022-08","Saint John, New Brunswick","2011S0503310","Regular unleaded gasoline at self service filling stations","Cents per litre","57","units","0","v735094","5.2","177.1","","","","1"
"2022-09","Saint John, New Brunswick","2011S0503310","Regular unleaded gasoline at self service filling stations","Cents per litre","57","units","0","v735094","5.2","158.5","","","","1"
"2022-10","Saint John, New Brunswick","2011S0503310","Regular unleaded gasoline at self service filling stations","Cents per litre","57","units","0","v735094","5.2","168.9","","","","1"
"2022-11","Saint John, New Brunswick","2011S0503310","Regular unleaded gasoline at self service filling stations","Cents per litre","57","units","0","v735094","5.2","174.1","","","","1"
"2022-12","Saint John, New Brunswick","2011S0503310","Regular unleaded gasoline at self service filling stations","Cents per litre","57","units","0","v735094","5.2","149.5","","","","1"
"2023-01","Saint John, New Brunswick","2011S0503310","Regular unleaded gasoline at self service filling stations","Cents per litre","57","units","0","v735094","5.2","157.4","","","","1"
"2023-02","Saint John, New Brunswick","2011S0503310","Regular unleaded gasoline at self service filling stations","Cents per litre","57","units","0","v735094","5.2","158.7","","","","1"
"2023-03","Saint John, New Brunswick","2011S0503310","Regular unleaded gasoline at self service filling stations","Cents per litre","57","units","0","v735094","5.2","156.7","","","","1"
"2023-04","Saint John, New Brunswick","2011S0503310","Regular unleaded gasoline at self service filling stations","Cents per litre","57","units","0","v735094","5.2","169.3","","","","1"
"2021-01","Québec, Quebec","2011S0503421","Regular unleaded gasoline at self service filling stations","Cents per litre","57","units","0","v735095","6.2","114.8","","","","1"
"2021-02","Québec, Quebec","2011S0503421","Regular unleaded gasoline at self service filling stations","Cents per litre","57","units","0","v735095","6.2","121.1","","","","1"
"2021-03","Québec, Quebec","2011S0503421","Regular unleaded gasoline at self service filling stations","Cents per litre","57","units","0","v735095","6.2","128.4","","","","1"
"2021-04","Québec, Quebec","2011S0503421","Regular unleaded gasoline at self service filling stations","Cents per litre","57","units","0","v735095","6.2","128.7","","","","1"
"2021-05","Québec, Quebec","2011S0503421","Regular unleaded gasoline at self service filling stations","Cents per litre","57","units","0","v735095","6.2","133.8","","","","1"
"2021-06","Québec, Quebec","2011S0503421","Regular unleaded gasoline at self service filling stations","Cents per litre","57","units","0","v735095","6.2","134.7","","","","1"
"2021-07","Québec, Quebec","2011S0503421","Regular unleaded gasoline at self service filling stations","Cents per litre","57","units","0","v735095","6.2","137.7","","","","1"
"2021-08","Québec, Quebec","2011S0503421","Regular unleaded gasoline at self service filling stations","Cents per litre","57","units","0","v735095","6.2","139.9","","","","1"
"2021-09","Québec, Quebec","2011S0503421","Regular unleaded gasoline at self service filling stations","Cents per litre","57","units","0","v735095","6.2","144.6","","","","1"
"2021-10","Québec, Quebec","2011S0503421","Regular unleaded gasoline at self service filling stations","Cents per litre","57","units","0","v735095","6.2","150.6","","","","1"
"2021-11","Québec, Quebec","2011S0503421","Regular unleaded gasoline at self service filling stations","Cents per litre","57","units","0","v735095","6.2","154.6","","","","1"
"2021-12","Québec, Quebec","2011S0503421","Regular unleaded gasoline at self service filling stations","Cents per litre","57","units","0","v735095","6.2","149.8","","","","1"
"2022-01","Québec, Quebec","2011S0503421","Regular unleaded gasoline at self service filling stations","Cents per litre","57","units","0","v735095","6.2","152.7","","","","1"
"2022-02","Québec, Quebec","2011S0503421","Regular unleaded gasoline at self service filling stations","Cents per litre","57","units","0","v735095","6.2","164.5","","","","1"
"2022-03","Québec, Quebec","2011S0503421","Regular unleaded gasoline at self service filling stations","Cents per litre","57","units","0","v735095","6.2","181.5","","","","1"
"2022-04","Québec, Quebec","2011S0503421","Regular unleaded gasoline at self service filling stations","Cents per litre","57","units","0","v735095","6.2","180.8","","","","1"
"2022-05","Québec, Quebec","2011S0503421","Regular unleaded gasoline at self service filling stations","Cents per litre","57","units","0","v735095","6.2","206.6","","","","1"
"2022-06","Québec, Quebec","2011S0503421","Regular unleaded gasoline at self service filling stations","Cents per litre","57","units","0","v735095","6.2","219.7","","","","1"
"2022-07","Québec, Quebec","2011S0503421","Regular unleaded gasoline at self service filling stations","Cents per litre","57","units","0","v735095","6.2","201.0","","","","1"
"2022-08","Québec, Quebec","2011S0503421","Regular unleaded gasoline at self service filling stations","Cents per litre","57","units","0","v735095","6.2","186.8","","","","1"
"2022-09","Québec, Quebec","2011S0503421","Regular unleaded gasoline at self service filling stations","Cents per litre","57","units","0","v735095","6.2","165.8","","","","1"
"2022-10","Québec, Quebec","2011S0503421","Regular unleaded gasoline at self service filling stations","Cents per litre","57","units","0","v735095","6.2","176.3","","","","1"
"2022-11","Québec, Quebec","2011S0503421","Regular unleaded gasoline at self service filling stations","Cents per litre","57","units","0","v735095","6.2","179.3","","","","1"
"2022-12","Québec, Quebec","2011S0503421","Regular unleaded gasoline at self service filling stations","Cents per litre","57","units","0","v735095","6.2","157.4","","","","1"
"2023-01","Québec, Quebec","2011S0503421","Regular unleaded gasoline at self service filling stations","Cents per litre","57","units","0","v735095","6.2","165.1","","","","1"
"2023-02","Québec, Quebec","2011S0503421","Regular unleaded gasoline at self service filling stations","Cents per litre","57","units","0","v735095","6.2","161.9","","","","1"
"2023-03","Québec, Quebec","2011S0503421","Regular unleaded gasoline at self service filling stations","Cents per litre","57","units","0","v735095","6.2","162.8","","","","1"
"2023-04","Québec, Quebec","2011S0503421","Regular unleaded gasoline at self service filling stations","Cents per litre","57","units","0","v735095","6.2","171.7","","","","1"
"2021-01","Montréal, Quebec","2011S0503462","Regular unleaded gasoline at self service filling stations","Cents per litre","57","units","0","v735096","7.2","115.4","","","","1"
"2021-02","Montréal, Quebec","2011S0503462","Regular unleaded gasoline at self service filling stations","Cents per litre","57","units","0","v735096","7.2","122.5","","","","1"
"2021-03","Montréal, Quebec","2011S0503462","Regular unleaded gasoline at self service filling stations","Cents per litre","57","units","0","v735096","7.2","129.1","","","","1"
"2021-04","Montréal, Quebec","2011S0503462","Regular unleaded gasoline at self service filling stations","Cents per litre","57","units","0","v735096","7.2","128.5","","","","1"
"2021-05","Montréal, Quebec","2011S0503462","Regular unleaded gasoline at self service filling stations","Cents per litre","57","units","0","v735096","7.2","133.8","","","","1"
"2021-06","Montréal, Quebec","2011S0503462","Regular unleaded gasoline at self service filling stations","Cents per litre","57","units","0","v735096","7.2","136.4","","","","1"
"2021-07","Montréal, Quebec","2011S0503462","Regular unleaded gasoline at self service filling stations","Cents per litre","57","units","0","v735096","7.2","139.7","","","","1"
"2021-08","Montréal, Quebec","2011S0503462","Regular unleaded gasoline at self service filling stations","Cents per litre","57","units","0","v735096","7.2","141.2","","","","1"
"2021-09","Montréal, Quebec","2011S0503462","Regular unleaded gasoline at self service filling stations","Cents per litre","57","units","0","v735096","7.2","143.3","","","","1"
"2021-10","Montréal, Quebec","2011S0503462","Regular unleaded gasoline at self service filling stations","Cents per litre","57","units","0","v735096","7.2","151.6","","","","1"
"2021-11","Montréal, Quebec","2011S0503462","Regular unleaded gasoline at self service filling stations","Cents per litre","57","units","0","v735096","7.2","152.1","","","","1"
"2021-12","Montréal, Quebec","2011S0503462","Regular unleaded gasoline at self service filling stations","Cents per litre","57","units","0","v735096","7.2","148.3","","","","1"
"2022-01","Montréal, Quebec","2011S0503462","Regular unleaded gasoline at self service filling stations","Cents per litre","57","units","0","v735096","7.2","155.5","","","","1"
"2022-02","Montréal, Quebec","2011S0503462","Regular unleaded gasoline at self service filling stations","Cents per litre","57","units","0","v735096","7.2","166.6","","","","1"
"2022-03","Montréal, Quebec","2011S0503462","Regular unleaded gasoline at self service filling stations","Cents per litre","57","units","0","v735096","7.2","183.7","","","","1"
"2022-04","Montréal, Quebec","2011S0503462","Regular unleaded gasoline at self service filling stations","Cents per litre","57","units","0","v735096","7.2","181.2","","","","1"
"2022-05","Montréal, Quebec","2011S0503462","Regular unleaded gasoline at self service filling stations","Cents per litre","57","units","0","v735096","7.2","205.4","","","","1"
"2022-06","Montréal, Quebec","2011S0503462","Regular unleaded gasoline at self service filling stations","Cents per litre","57","units","0","v735096","7.2","216.5","","","","1"
"2022-07","Montréal, Quebec","2011S0503462","Regular unleaded gasoline at self service filling stations","Cents per litre","57","units","0","v735096","7.2","196.8","","","","1"
"2022-08","Montréal, Quebec","2011S0503462","Regular unleaded gasoline at self service filling stations","Cents per litre","57","units","0","v735096","7.2","183.5","","","","1"
"2022-09","Montréal, Quebec","2011S0503462","Regular unleaded gasoline at self service filling stations","Cents per litre","57","units","0","v735096","7.2","160.8","","","","1"
"2022-10","Montréal, Quebec","2011S0503462","Regular unleaded gasoline at self service filling stations","Cents per litre","57","units","0","v735096","7.2","173.4","","","","1"
"2022-11","Montréal, Quebec","2011S0503462","Regular unleaded gasoline at self service filling stations","Cents per litre","57","units","0","v735096","7.2","173.3","","","","1"
"2022-12","Montréal, Quebec","2011S0503462","Regular unleaded gasoline at self service filling stations","Cents per litre","57","units","0","v735096","7.2","151.6","","","","1"
"2023-01","Montréal, Quebec","2011S0503462","Regular unleaded gasoline at self service filling stations","Cents per litre","57","units","0","v735096","7.2","160.4","","","","1"
"2023-02","Montréal, Quebec","2011S0503462","Regular unleaded gasoline at self service filling stations","Cents per litre","57","units","0","v735096","7.2","157.9","","","","1"
"2023-03","Montréal, Quebec","2011S0503462","Regular unleaded gasoline at self service filling stations","Cents per litre","57","units","0","v735096","7.2","160.1","","","","1"
"2023-04","Montréal, Quebec","2011S0503462","Regular unleaded gasoline at self service filling stations","Cents per litre","57","units","0","v735096","7.2","167.4","","","","1"
"2021-01","Ottawa-Gatineau, Ontario part, Ontario/Quebec","2011S050535505","Regular unleaded gasoline at self service filling stations","Cents per litre","57","units","0","v735097","8.2","110.9","","","","1"
"2021-02","Ottawa-Gatineau, Ontario part, Ontario/Quebec","2011S050535505","Regular unleaded gasoline at self service filling stations","Cents per litre","57","units","0","v735097","8.2","117.7","","","","1"
"2021-03","Ottawa-Gatineau, Ontario part, Ontario/Quebec","2011S050535505","Regular unleaded gasoline at self service filling stations","Cents per litre","57","units","0","v735097","8.2","123.1","","","","1"
"2021-04","Ottawa-Gatineau, Ontario part, Ontario/Quebec","2011S050535505","Regular unleaded gasoline at self service filling stations","Cents per litre","57","units","0","v735097","8.2","125.4","","","","1"
"2021-05","Ottawa-Gatineau, Ontario part, Ontario/Quebec","2011S050535505","Regular unleaded gasoline at self service filling stations","Cents per litre","57","units","0","v735097","8.2","129.9","","","","1"
"2021-06","Ottawa-Gatineau, Ontario part, Ontario/Quebec","2011S050535505","Regular unleaded gasoline at self service filling stations","Cents per litre","57","units","0","v735097","8.2","131.3","","","","1"
"2021-07","Ottawa-Gatineau, Ontario part, Ontario/Quebec","2011S050535505","Regular unleaded gasoline at self service filling stations","Cents per litre","57","units","0","v735097","8.2","134.7","","","","1"
"2021-08","Ottawa-Gatineau, Ontario part, Ontario/Quebec","2011S050535505","Regular unleaded gasoline at self service filling stations","Cents per litre","57","units","0","v735097","8.2","135.7","","","","1"
"2021-09","Ottawa-Gatineau, Ontario part, Ontario/Quebec","2011S050535505","Regular unleaded gasoline at self service filling stations","Cents per litre","57","units","0","v735097","8.2","136.3","","","","1"
"2021-10","Ottawa-Gatineau, Ontario part, Ontario/Quebec","2011S050535505","Regular unleaded gasoline at self service filling stations","Cents per litre","57","units","0","v735097","8.2","143.5","","","","1"
"2021-11","Ottawa-Gatineau, Ontario part, Ontario/Quebec","2011S050535505","Regular unleaded gasoline at self service filling stations","Cents per litre","57","units","0","v735097","8.2","142.6","","","","1"
"2021-12","Ottawa-Gatineau, Ontario part, Ontario/Quebec","2011S050535505","Regular unleaded gasoline at self service filling stations","Cents per litre","57","units","0","v735097","8.2","136.0","","","","1"
"2022-01","Ottawa-Gatineau, Ontario part, Ontario/Quebec","2011S050535505","Regular unleaded gasoline at self service filling stations","Cents per litre","57","units","0","v735097","8.2","144.3","","","","1"
"2022-02","Ottawa-Gatineau, Ontario part, Ontario/Quebec","2011S050535505","Regular unleaded gasoline at self service filling stations","Cents per litre","57","units","0","v735097","8.2","156.0","","","","1"
"2022-03","Ottawa-Gatineau, Ontario part, Ontario/Quebec","2011S050535505","Regular unleaded gasoline at self service filling stations","Cents per litre","57","units","0","v735097","8.2","172.0","","","","1"
"2022-04","Ottawa-Gatineau, Ontario part, Ontario/Quebec","2011S050535505","Regular unleaded gasoline at self service filling stations","Cents per litre","57","units","0","v735097","8.2","174.3","","","","1"
"2022-05","Ottawa-Gatineau, Ontario part, Ontario/Quebec","2011S050535505","Regular unleaded gasoline at self service filling stations","Cents per litre","57","units","0","v735097","8.2","198.0","","","","1"
"2022-06","Ottawa-Gatineau, Ontario part, Ontario/Quebec","2011S050535505","Regular unleaded gasoline at self service filling stations","Cents per litre","57","units","0","v735097","8.2","205.7","","","","1"
"2022-07","Ottawa-Gatineau, Ontario part, Ontario/Quebec","2011S050535505","Regular unleaded gasoline at self service filling stations","Cents per litre","57","units","0","v735097","8.2","180.4","","","","1"
"2022-08","Ottawa-Gatineau, Ontario part, Ontario/Quebec","2011S050535505","Regular unleaded gasoline at self service filling stations","Cents per litre","57","units","0","v735097","8.2","165.5","","","","1"
"2022-09","Ottawa-Gatineau, Ontario part, Ontario/Quebec","2011S050535505","Regular unleaded gasoline at self service filling stations","Cents per litre","57","units","0","v735097","8.2","148.7","","","","1"
"2022-10","Ottawa-Gatineau, Ontario part, Ontario/Quebec","2011S050535505","Regular unleaded gasoline at self service filling stations","Cents per litre","57","units","0","v735097","8.2","164.3","","","","1"
"2022-11","Ottawa-Gatineau, Ontario part, Ontario/Quebec","2011S050535505","Regular unleaded gasoline at self service filling stations","Cents per litre","57","units","0","v735097","8.2","161.5","","","","1"
"2022-12","Ottawa-Gatineau, Ontario part, Ontario/Quebec","2011S050535505","Regular unleaded gasoline at self service filling stations","Cents per litre","57","units","0","v735097","8.2","140.6","","","","1"
"2023-01","Ottawa-Gatineau, Ontario part, Ontario/Quebec","2011S050535505","Regular unleaded gasoline at self service filling stations","Cents per litre","57","units","0","v735097","8.2","148.6","","","","1"
"2023-02","Ottawa-Gatineau, Ontario part, Ontario/Quebec","2011S050535505","Regular unleaded gasoline at self service filling stations","Cents per litre","57","units","0","v735097","8.2","146.0","","","","1"
"2023-03","Ottawa-Gatineau, Ontario part, Ontario/Quebec","2011S050535505","Regular unleaded gasoline at self service filling stations","Cents per litre","57","units","0","v735097","8.2","147.7","","","","1"
"2023-04","Ottawa-Gatineau, Ontario part, Ontario/Quebec","2011S050535505","Regular unleaded gasoline at self service filling stations","Cents per litre","57","units","0","v735097","8.2","157.8","","","","1"
"2021-01","Toronto, Ontario","2011S0503535","Regular unleaded gasoline at self service filling stations","Cents per litre","57","units","0","v735098","9.2","110.9","","","","1"
"2021-02","Toronto, Ontario","2011S0503535","Regular unleaded gasoline at self service filling stations","Cents per litre","57","units","0","v735098","9.2","118.1","","","","1"
"2021-03","Toronto, Ontario","2011S0503535","Regular unleaded gasoline at self service filling stations","Cents per litre","57","units","0","v735098","9.2","123.8","","","","1"
"2021-04","Toronto, Ontario","2011S0503535","Regular unleaded gasoline at self service filling stations","Cents per litre","57","units","0","v735098","9.2","125.9","","","","1"
"2021-05","Toronto, Ontario","2011S0503535","Regular unleaded gasoline at self service filling stations","Cents per litre","57","units","0","v735098","9.2","130.2","","","","1"
"2021-06","Toronto, Ontario","2011S0503535","Regular unleaded gasoline at self service filling stations","Cents per litre","57","units","0","v735098","9.2","132.6","","","","1"
"2021-07","Toronto, Ontario","2011S0503535","Regular unleaded gasoline at self service filling stations","Cents per litre","57","units","0","v735098","9.2","136.4","","","","1"
"2021-08","Toronto, Ontario","2011S0503535","Regular unleaded gasoline at self service filling stations","Cents per litre","57","units","0","v735098","9.2","137.2","","","","1"
"2021-09","Toronto, Ontario","2011S0503535","Regular unleaded gasoline at self service filling stations","Cents per litre","57","units","0","v735098","9.2","137.9","","","","1"
"2021-10","Toronto, Ontario","2011S0503535","Regular unleaded gasoline at self service filling stations","Cents per litre","57","units","0","v735098","9.2","145.3","","","","1"
"2021-11","Toronto, Ontario","2011S0503535","Regular unleaded gasoline at self service filling stations","Cents per litre","57","units","0","v735098","9.2","144.3","","","","1"
"2021-12","Toronto, Ontario","2011S0503535","Regular unleaded gasoline at self service filling stations","Cents per litre","57","units","0","v735098","9.2","137.7","","","","1"
"2022-01","Toronto, Ontario","2011S0503535","Regular unleaded gasoline at self service filling stations","Cents per litre","57","units","0","v735098","9.2","146.1","","","","1"
"2022-02","Toronto, Ontario","2011S0503535","Regular unleaded gasoline at self service filling stations","Cents per litre","57","units","0","v735098","9.2","157.5","","","","1"
"2022-03","Toronto, Ontario","2011S0503535","Regular unleaded gasoline at self service filling stations","Cents per litre","57","units","0","v735098","9.2","173.0","","","","1"
"2022-04","Toronto, Ontario","2011S0503535","Regular unleaded gasoline at self service filling stations","Cents per litre","57","units","0","v735098","9.2","174.3","","","","1"
"2022-05","Toronto, Ontario","2011S0503535","Regular unleaded gasoline at self service filling stations","Cents per litre","57","units","0","v735098","9.2","198.0","","","","1"
"2022-06","Toronto, Ontario","2011S0503535","Regular unleaded gasoline at self service filling stations","Cents per litre","57","units","0","v735098","9.2","205.9","","","","1"
"2022-07","Toronto, Ontario","2011S0503535","Regular unleaded gasoline at self service filling stations","Cents per litre","57","units","0","v735098","9.2","180.5","","","","1"
"2022-08","Toronto, Ontario","2011S0503535","Regular unleaded gasoline at self service filling stations","Cents per litre","57","units","0","v735098","9.2","165.6","","","","1"
"2022-09","Toronto, Ontario","2011S0503535","Regular unleaded gasoline at self service filling stations","Cents per litre","57","units","0","v735098","9.2","148.7","","","","1"
"2022-10","Toronto, Ontario","2011S0503535","Regular unleaded gasoline at self service filling stations","Cents per litre","57","units","0","v735098","9.2","164.3","","","","1"
"2022-11","Toronto, Ontario","2011S0503535","Regular unleaded gasoline at self service filling stations","Cents per litre","57","units","0","v735098","9.2","161.6","","","","1"
"2022-12","Toronto, Ontario","2011S0503535","Regular unleaded gasoline at self service filling stations","Cents per litre","57","units","0","v735098","9.2","140.7","","","","1"
"2023-01","Toronto, Ontario","2011S0503535","Regular unleaded gasoline at self service filling stations","Cents per litre","57","units","0","v735098","9.2","148.6","","","","1"
"2023-02","Toronto, Ontario","2011S0503535","Regular unleaded gasoline at self service filling stations","Cents per litre","57","units","0","v735098","9.2","144.6","","","","1"
"2023-03","Toronto, Ontario","2011S0503535","Regular unleaded gasoline at self service filling stations","Cents per litre","57","units","0","v735098","9.2","145.8","","","","1"
"2023-04","Toronto, Ontario","2011S0503535","Regular unleaded gasoline at self service filling stations","Cents per litre","57","units","0","v735098","9.2","156.6","","","","1"
"2021-01","Thunder Bay, Ontario","2011S0503595","Regular unleaded gasoline at self service filling stations","Cents per litre","57","units","0","v735099","10.2","121.4","","","","1"
"2021-02","Thunder Bay, Ontario","2011S0503595","Regular unleaded gasoline at self service filling stations","Cents per litre","57","units","0","v735099","10.2","125.3","","","","1"
"2021-03","Thunder Bay, Ontario","2011S0503595","Regular unleaded gasoline at self service filling stations","Cents per litre","57","units","0","v735099","10.2","132.9","","","","1"
"2021-04","Thunder Bay, Ontario","2011S0503595","Regular unleaded gasoline at self service filling stations","Cents per litre","57","units","0","v735099","10.2","138.5","","","","1"
"2021-05","Thunder Bay, Ontario","2011S0503595","Regular unleaded gasoline at self service filling stations","Cents per litre","57","units","0","v735099","10.2","138.5","","","","1"
"2021-06","Thunder Bay, Ontario","2011S0503595","Regular unleaded gasoline at self service filling stations","Cents per litre","57","units","0","v735099","10.2","140.0","","","","1"
"2021-07","Thunder Bay, Ontario","2011S0503595","Regular unleaded gasoline at self service filling stations","Cents per litre","57","units","0","v735099","10.2","146.2","","","","1"
"2021-08","Thunder Bay, Ontario","2011S0503595","Regular unleaded gasoline at self service filling stations","Cents per litre","57","units","0","v735099","10.2","146.7","","","","1"
"2021-09","Thunder Bay, Ontario","2011S0503595","Regular unleaded gasoline at self service filling stations","Cents per litre","57","units","0","v735099","10.2","146.8","","","","1"
"2021-10","Thunder Bay, Ontario","2011S0503595","Regular unleaded gasoline at self service filling stations","Cents per litre","57","units","0","v735099","10.2","153.7","","","","1"
"2021-11","Thunder Bay, Ontario","2011S0503595","Regular unleaded gasoline at self service filling stations","Cents per litre","57","units","0","v735099","10.2","153.8","","","","1"
"2021-12","Thunder Bay, Ontario","2011S0503595","Regular unleaded gasoline at self service filling stations","Cents per litre","57","units","0","v735099","10.2","143.8","","","","1"
"2022-01","Thunder Bay, Ontario","2011S0503595","Regular unleaded gasoline at self service filling stations","Cents per litre","57","units","0","v735099","10.2","149.9","","","","1"
"2022-02","Thunder Bay, Ontario","2011S0503595","Regular unleaded gasoline at self service filling stations","Cents per litre","57","units","0","v735099","10.2","157.5","","","","1"
"2022-03","Thunder Bay, Ontario","2011S0503595","Regular unleaded gasoline at self service filling stations","Cents per litre","57","units","0","v735099","10.2","186.9","","","","1"
"2022-04","Thunder Bay, Ontario","2011S0503595","Regular unleaded gasoline at self service filling stations","Cents per litre","57","units","0","v735099","10.2","187.9","","","","1"
"2022-05","Thunder Bay, Ontario","2011S0503595","Regular unleaded gasoline at self service filling stations","Cents per litre","57","units","0","v735099","10.2","196.0","","","","1"
"2022-06","Thunder Bay, Ontario","2011S0503595","Regular unleaded gasoline at self service filling stations","Cents per litre","57","units","0","v735099","10.2","214.4","","","","1"
"2022-07","Thunder Bay, Ontario","2011S0503595","Regular unleaded gasoline at self service filling stations","Cents per litre","57","units","0","v735099","10.2","185.7","","","","1"
"2022-08","Thunder Bay, Ontario","2011S0503595","Regular unleaded gasoline at self service filling stations","Cents per litre","57","units","0","v735099","10.2","164.3","","","","1"
"2022-09","Thunder Bay, Ontario","2011S0503595","Regular unleaded gasoline at self service filling stations","Cents per litre","57","units","0","v735099","10.2","164.9","","","","1"
"2022-10","Thunder Bay, Ontario","2011S0503595","Regular unleaded gasoline at self service filling stations","Cents per litre","57","units","0","v735099","10.2","185.4","","","","1"
"2022-11","Thunder Bay, Ontario","2011S0503595","Regular unleaded gasoline at self service filling stations","Cents per litre","57","units","0","v735099","10.2","159.1","","","","1"
"2022-12","Thunder Bay, Ontario","2011S0503595","Regular unleaded gasoline at self service filling stations","Cents per litre","57","units","0","v735099","10.2","140.1","","","","1"
"2023-01","Thunder Bay, Ontario","2011S0503595","Regular unleaded gasoline at self service filling stations","Cents per litre","57","units","0","v735099","10.2","150.5","","","","1"
"2023-02","Thunder Bay, Ontario","2011S0503595","Regular unleaded gasoline at self service filling stations","Cents per litre","57","units","0","v735099","10.2","151.7","","","","1"
"2023-03","Thunder Bay, Ontario","2011S0503595","Regular unleaded gasoline at self service filling stations","Cents per litre","57","units","0","v735099","10.2","160.7","","","","1"
"2023-04","Thunder Bay, Ontario","2011S0503595","Regular unleaded gasoline at self service filling stations","Cents per litre","57","units","0","v735099","10.2","165.7","","","","1"
"2021-01","Winnipeg, Manitoba","2011S0503602","Regular unleaded gasoline at self service filling stations","Cents per litre","57","units","0","v735083","11.2","102.9","","","","1"
"2021-02","Winnipeg, Manitoba","2011S0503602","Regular unleaded gasoline at self service filling stations","Cents per litre","57","units","0","v735083","11.2","109.2","","","","1"
"2021-03","Winnipeg, Manitoba","2011S0503602","Regular unleaded gasoline at self service filling stations","Cents per litre","57","units","0","v735083","11.2","115.9","","","","1"
"2021-04","Winnipeg, Manitoba","2011S0503602","Regular unleaded gasoline at self service filling stations","Cents per litre","57","units","0","v735083","11.2","122.7","","","","1"
"2021-05","Winnipeg, Manitoba","2011S0503602","Regular unleaded gasoline at self service filling stations","Cents per litre","57","units","0","v735083","11.2","127.8","","","","1"
"2021-06","Winnipeg, Manitoba","2011S0503602","Regular unleaded gasoline at self service filling stations","Cents per litre","57","units","0","v735083","11.2","127.1","","","","1"
"2021-07","Winnipeg, Manitoba","2011S0503602","Regular unleaded gasoline at self service filling stations","Cents per litre","57","units","0","v735083","11.2","131.5","","","","1"
"2021-08","Winnipeg, Manitoba","2011S0503602","Regular unleaded gasoline at self service filling stations","Cents per litre","57","units","0","v735083","11.2","131.8","","","","1"
"2021-09","Winnipeg, Manitoba","2011S0503602","Regular unleaded gasoline at self service filling stations","Cents per litre","57","units","0","v735083","11.2","131.8","","","","1"
"2021-10","Winnipeg, Manitoba","2011S0503602","Regular unleaded gasoline at self service filling stations","Cents per litre","57","units","0","v735083","11.2","141.2","","","","1"
"2021-11","Winnipeg, Manitoba","2011S0503602","Regular unleaded gasoline at self service filling stations","Cents per litre","57","units","0","v735083","11.2","138.7","","","","1"
"2021-12","Winnipeg, Manitoba","2011S0503602","Regular unleaded gasoline at self service filling stations","Cents per litre","57","units","0","v735083","11.2","130.7","","","","1"
"2022-01","Winnipeg, Manitoba","2011S0503602","Regular unleaded gasoline at self service filling stations","Cents per litre","57","units","0","v735083","11.2","138.5","","","","1"
"2022-02","Winnipeg, Manitoba","2011S0503602","Regular unleaded gasoline at self service filling stations","Cents per litre","57","units","0","v735083","11.2","147.1","","","","1"
"2022-03","Winnipeg, Manitoba","2011S0503602","Regular unleaded gasoline at self service filling stations","Cents per litre","57","units","0","v735083","11.2","169.8","","","","1"
"2022-04","Winnipeg, Manitoba","2011S0503602","Regular unleaded gasoline at self service filling stations","Cents per litre","57","units","0","v735083","11.2","170.9","","","","1"
"2022-05","Winnipeg, Manitoba","2011S0503602","Regular unleaded gasoline at self service filling stations","Cents per litre","57","units","0","v735083","11.2","183.1","","","","1"
"2022-06","Winnipeg, Manitoba","2011S0503602","Regular unleaded gasoline at self service filling stations","Cents per litre","57","units","0","v735083","11.2","205.3","","","","1"
"2022-07","Winnipeg, Manitoba","2011S0503602","Regular unleaded gasoline at self service filling stations","Cents per litre","57","units","0","v735083","11.2","190.1","","","","1"
"2022-08","Winnipeg, Manitoba","2011S0503602","Regular unleaded gasoline at self service filling stations","Cents per litre","57","units","0","v735083","11.2","169.9","","","","1"
"2022-09","Winnipeg, Manitoba","2011S0503602","Regular unleaded gasoline at self service filling stations","Cents per litre","57","units","0","v735083","11.2","169.2","","","","1"
"2022-10","Winnipeg, Manitoba","2011S0503602","Regular unleaded gasoline at self service filling stations","Cents per litre","57","units","0","v735083","11.2","184.3","","","","1"
"2022-11","Winnipeg, Manitoba","2011S0503602","Regular unleaded gasoline at self service filling stations","Cents per litre","57","units","0","v735083","11.2","171.7","","","","1"
"2022-12","Winnipeg, Manitoba","2011S0503602","Regular unleaded gasoline at self service filling stations","Cents per litre","57","units","0","v735083","11.2","150.8","","","","1"
"2023-01","Winnipeg, Manitoba","2011S0503602","Regular unleaded gasoline at self service filling stations","Cents per litre","57","units","0","v735083","11.2","147.2","","","","1"
"2023-02","Winnipeg, Manitoba","2011S0503602","Regular unleaded gasoline at self service filling stations","Cents per litre","57","units","0","v735083","11.2","153.2","","","","1"
"2023-03","Winnipeg, Manitoba","2011S0503602","Regular unleaded gasoline at self service filling stations","Cents per litre","57","units","0","v735083","11.2","151.5","","","","1"
"2023-04","Winnipeg, Manitoba","2011S0503602","Regular unleaded gasoline at self service filling stations","Cents per litre","57","units","0","v735083","11.2","162.4","","","","1"
"2021-01","Regina, Saskatchewan","2011S0503705","Regular unleaded gasoline at self service filling stations","Cents per litre","57","units","0","v735084","12.2","104.1","","","","1"
"2021-02","Regina, Saskatchewan","2011S0503705","Regular unleaded gasoline at self service filling stations","Cents per litre","57","units","0","v735084","12.2","110.6","","","","1"
"2021-03","Regina, Saskatchewan","2011S0503705","Regular unleaded gasoline at self service filling stations","Cents per litre","57","units","0","v735084","12.2","120.4","","","","1"
"2021-04","Regina, Saskatchewan","2011S0503705","Regular unleaded gasoline at self service filling stations","Cents per litre","57","units","0","v735084","12.2","127.9","","","","1"
"2021-05","Regina, Saskatchewan","2011S0503705","Regular unleaded gasoline at self service filling stations","Cents per litre","57","units","0","v735084","12.2","127.0","","","","1"
"2021-06","Regina, Saskatchewan","2011S0503705","Regular unleaded gasoline at self service filling stations","Cents per litre","57","units","0","v735084","12.2","127.0","","","","1"
"2021-07","Regina, Saskatchewan","2011S0503705","Regular unleaded gasoline at self service filling stations","Cents per litre","57","units","0","v735084","12.2","131.8","","","","1"
"2021-08","Regina, Saskatchewan","2011S0503705","Regular unleaded gasoline at self service filling stations","Cents per litre","57","units","0","v735084","12.2","131.8","","","","1"
"2021-09","Regina, Saskatchewan","2011S0503705","Regular unleaded gasoline at self service filling stations","Cents per litre","57","units","0","v735084","12.2","131.8","","","","1"
"2021-10","Regina, Saskatchewan","2011S0503705","Regular unleaded gasoline at self service filling stations","Cents per litre","57","units","0","v735084","12.2","141.6","","","","1"
"2021-11","Regina, Saskatchewan","2011S0503705","Regular unleaded gasoline at self service filling stations","Cents per litre","57","units","0","v735084","12.2","143.4","","","","1"
"2021-12","Regina, Saskatchewan","2011S0503705","Regular unleaded gasoline at self service filling stations","Cents per litre","57","units","0","v735084","12.2","130.8","","","","1"
"2022-01","Regina, Saskatchewan","2011S0503705","Regular unleaded gasoline at self service filling stations","Cents per litre","57","units","0","v735084","12.2","137.0","","","","1"
"2022-02","Regina, Saskatchewan","2011S0503705","Regular unleaded gasoline at self service filling stations","Cents per litre","57","units","0","v735084","12.2","145.9","","","","1"
"2022-03","Regina, Saskatchewan","2011S0503705","Regular unleaded gasoline at self service filling stations","Cents per litre","57","units","0","v735084","12.2","168.5","","","","1"
"2022-04","Regina, Saskatchewan","2011S0503705","Regular unleaded gasoline at self service filling stations","Cents per litre","57","units","0","v735084","12.2","167.3","","","","1"
"2022-05","Regina, Saskatchewan","2011S0503705","Regular unleaded gasoline at self service filling stations","Cents per litre","57","units","0","v735084","12.2","181.4","","","","1"
"2022-06","Regina, Saskatchewan","2011S0503705","Regular unleaded gasoline at self service filling stations","Cents per litre","57","units","0","v735084","12.2","203.8","","","","1"
"2022-07","Regina, Saskatchewan","2011S0503705","Regular unleaded gasoline at self service filling stations","Cents per litre","57","units","0","v735084","12.2","191.4","","","","1"
"2022-08","Regina, Saskatchewan","2011S0503705","Regular unleaded gasoline at self service filling stations","Cents per litre","57","units","0","v735084","12.2","158.0","","","","1"
"2022-09","Regina, Saskatchewan","2011S0503705","Regular unleaded gasoline at self service filling stations","Cents per litre","57","units","0","v735084","12.2","158.1","","","","1"
"2022-10","Regina, Saskatchewan","2011S0503705","Regular unleaded gasoline at self service filling stations","Cents per litre","57","units","0","v735084","12.2","177.8","","","","1"
"2022-11","Regina, Saskatchewan","2011S0503705","Regular unleaded gasoline at self service filling stations","Cents per litre","57","units","0","v735084","12.2","162.3","","","","1"
"2022-12","Regina, Saskatchewan","2011S0503705","Regular unleaded gasoline at self service filling stations","Cents per litre","57","units","0","v735084","12.2","142.1","","","","1"
"2023-01","Regina, Saskatchewan","2011S0503705","Regular unleaded gasoline at self service filling stations","Cents per litre","57","units","0","v735084","12.2","147.9","","","","1"
"2023-02","Regina, Saskatchewan","2011S0503705","Regular unleaded gasoline at self service filling stations","Cents per litre","57","units","0","v735084","12.2","147.9","","","","1"
"2023-03","Regina, Saskatchewan","2011S0503705","Regular unleaded gasoline at self service filling stations","Cents per litre","57","units","0","v735084","12.2","155.1","","","","1"
"2023-04","Regina, Saskatchewan","2011S0503705","Regular unleaded gasoline at self service filling stations","Cents per litre","57","units","0","v735084","12.2","160.5","","","","1"
"2021-01","Saskatoon, Saskatchewan","2011S0503725","Regular unleaded gasoline at self service filling stations","Cents per litre","57","units","0","v735085","13.2","103.8","","","","1"
"2021-02","Saskatoon, Saskatchewan","2011S0503725","Regular unleaded gasoline at self service filling stations","Cents per litre","57","units","0","v735085","13.2","110.3","","","","1"
"2021-03","Saskatoon, Saskatchewan","2011S0503725","Regular unleaded gasoline at self service filling stations","Cents per litre","57","units","0","v735085","13.2","119.7","","","","1"
"2021-04","Saskatoon, Saskatchewan","2011S0503725","Regular unleaded gasoline at self service filling stations","Cents per litre","57","units","0","v735085","13.2","126.5","","","","1"
"2021-05","Saskatoon, Saskatchewan","2011S0503725","Regular unleaded gasoline at self service filling stations","Cents per litre","57","units","0","v735085","13.2","125.3","","","","1"
"2021-06","Saskatoon, Saskatchewan","2011S0503725","Regular unleaded gasoline at self service filling stations","Cents per litre","57","units","0","v735085","13.2","126.5","","","","1"
"2021-07","Saskatoon, Saskatchewan","2011S0503725","Regular unleaded gasoline at self service filling stations","Cents per litre","57","units","0","v735085","13.2","131.3","","","","1"
"2021-08","Saskatoon, Saskatchewan","2011S0503725","Regular unleaded gasoline at self service filling stations","Cents per litre","57","units","0","v735085","13.2","131.3","","","","1"
"2021-09","Saskatoon, Saskatchewan","2011S0503725","Regular unleaded gasoline at self service filling stations","Cents per litre","57","units","0","v735085","13.2","131.7","","","","1"
"2021-10","Saskatoon, Saskatchewan","2011S0503725","Regular unleaded gasoline at self service filling stations","Cents per litre","57","units","0","v735085","13.2","141.3","","","","1"
"2021-11","Saskatoon, Saskatchewan","2011S0503725","Regular unleaded gasoline at self service filling stations","Cents per litre","57","units","0","v735085","13.2","143.0","","","","1"
"2021-12","Saskatoon, Saskatchewan","2011S0503725","Regular unleaded gasoline at self service filling stations","Cents per litre","57","units","0","v735085","13.2","129.7","","","","1"
"2022-01","Saskatoon, Saskatchewan","2011S0503725","Regular unleaded gasoline at self service filling stations","Cents per litre","57","units","0","v735085","13.2","135.7","","","","1"
"2022-02","Saskatoon, Saskatchewan","2011S0503725","Regular unleaded gasoline at self service filling stations","Cents per litre","57","units","0","v735085","13.2","145.7","","","","1"
"2022-03","Saskatoon, Saskatchewan","2011S0503725","Regular unleaded gasoline at self service filling stations","Cents per litre","57","units","0","v735085","13.2","168.2","","","","1"
"2022-04","Saskatoon, Saskatchewan","2011S0503725","Regular unleaded gasoline at self service filling stations","Cents per litre","57","units","0","v735085","13.2","167.2","","","","1"
"2022-05","Saskatoon, Saskatchewan","2011S0503725","Regular unleaded gasoline at self service filling stations","Cents per litre","57","units","0","v735085","13.2","181.5","","","","1"
"2022-06","Saskatoon, Saskatchewan","2011S0503725","Regular unleaded gasoline at self service filling stations","Cents per litre","57","units","0","v735085","13.2","202.9","","","","1"
"2022-07","Saskatoon, Saskatchewan","2011S0503725","Regular unleaded gasoline at self service filling stations","Cents per litre","57","units","0","v735085","13.2","186.5","","","","1"
"2022-08","Saskatoon, Saskatchewan","2011S0503725","Regular unleaded gasoline at self service filling stations","Cents per litre","57","units","0","v735085","13.2","153.8","","","","1"
"2022-09","Saskatoon, Saskatchewan","2011S0503725","Regular unleaded gasoline at self service filling stations","Cents per litre","57","units","0","v735085","13.2","155.0","","","","1"
"2022-10","Saskatoon, Saskatchewan","2011S0503725","Regular unleaded gasoline at self service filling stations","Cents per litre","57","units","0","v735085","13.2","177.3","","","","1"
"2022-11","Saskatoon, Saskatchewan","2011S0503725","Regular unleaded gasoline at self service filling stations","Cents per litre","57","units","0","v735085","13.2","157.1","","","","1"
"2022-12","Saskatoon, Saskatchewan","2011S0503725","Regular unleaded gasoline at self service filling stations","Cents per litre","57","units","0","v735085","13.2","140.0","","","","1"
"2023-01","Saskatoon, Saskatchewan","2011S0503725","Regular unleaded gasoline at self service filling stations","Cents per litre","57","units","0","v735085","13.2","147.6","","","","1"
"2023-02","Saskatoon, Saskatchewan","2011S0503725","Regular unleaded gasoline at self service filling stations","Cents per litre","57","units","0","v735085","13.2","146.4","","","","1"
"2023-03","Saskatoon, Saskatchewan","2011S0503725","Regular unleaded gasoline at self service filling stations","Cents per litre","57","units","0","v735085","13.2","152.7","","","","1"
"2023-04","Saskatoon, Saskatchewan","2011S0503725","Regular unleaded gasoline at self service filling stations","Cents per litre","57","units","0","v735085","13.2","158.8","","","","1"
"2021-01","Edmonton, Alberta","2011S0503835","Regular unleaded gasoline at self service filling stations","Cents per litre","57","units","0","v735086","14.2","100.9","","","","1"
"2021-02","Edmonton, Alberta","2011S0503835","Regular unleaded gasoline at self service filling stations","Cents per litre","57","units","0","v735086","14.2","109.0","","","","1"
"2021-03","Edmonton, Alberta","2011S0503835","Regular unleaded gasoline at self service filling stations","Cents per litre","57","units","0","v735086","14.2","114.5","","","","1"
"2021-04","Edmonton, Alberta","2011S0503835","Regular unleaded gasoline at self service filling stations","Cents per litre","57","units","0","v735086","14.2","119.9","","","","1"
"2021-05","Edmonton, Alberta","2011S0503835","Regular unleaded gasoline at self service filling stations","Cents per litre","57","units","0","v735086","14.2","123.4","","","","1"
"2021-06","Edmonton, Alberta","2011S0503835","Regular unleaded gasoline at self service filling stations","Cents per litre","57","units","0","v735086","14.2","125.6","","","","1"
"2021-07","Edmonton, Alberta","2011S0503835","Regular unleaded gasoline at self service filling stations","Cents per litre","57","units","0","v735086","14.2","133.0","","","","1"
"2021-08","Edmonton, Alberta","2011S0503835","Regular unleaded gasoline at self service filling stations","Cents per litre","57","units","0","v735086","14.2","132.3","","","","1"
"2021-09","Edmonton, Alberta","2011S0503835","Regular unleaded gasoline at self service filling stations","Cents per litre","57","units","0","v735086","14.2","129.5","","","","1"
"2021-10","Edmonton, Alberta","2011S0503835","Regular unleaded gasoline at self service filling stations","Cents per litre","57","units","0","v735086","14.2","138.3","","","","1"
"2021-11","Edmonton, Alberta","2011S0503835","Regular unleaded gasoline at self service filling stations","Cents per litre","57","units","0","v735086","14.2","136.0","","","","1"
"2021-12","Edmonton, Alberta","2011S0503835","Regular unleaded gasoline at self service filling stations","Cents per litre","57","units","0","v735086","14.2","130.6","","","","1"
"2022-01","Edmonton, Alberta","2011S0503835","Regular unleaded gasoline at self service filling stations","Cents per litre","57","units","0","v735086","14.2","133.7","","","","1"
"2022-02","Edmonton, Alberta","2011S0503835","Regular unleaded gasoline at self service filling stations","Cents per litre","57","units","0","v735086","14.2","142.2","","","","1"
"2022-03","Edmonton, Alberta","2011S0503835","Regular unleaded gasoline at self service filling stations","Cents per litre","57","units","0","v735086","14.2","161.7","","","","1"
"2022-04","Edmonton, Alberta","2011S0503835","Regular unleaded gasoline at self service filling stations","Cents per litre","57","units","0","v735086","14.2","150.5","","","","1"
"2022-05","Edmonton, Alberta","2011S0503835","Regular unleaded gasoline at self service filling stations","Cents per litre","57","units","0","v735086","14.2","163.3","","","","1"
"2022-06","Edmonton, Alberta","2011S0503835","Regular unleaded gasoline at self service filling stations","Cents per litre","57","units","0","v735086","14.2","186.0","","","","1"
"2022-07","Edmonton, Alberta","2011S0503835","Regular unleaded gasoline at self service filling stations","Cents per litre","57","units","0","v735086","14.2","179.1","","","","1"
"2022-08","Edmonton, Alberta","2011S0503835","Regular unleaded gasoline at self service filling stations","Cents per litre","57","units","0","v735086","14.2","147.3","","","","1"
"2022-09","Edmonton, Alberta","2011S0503835","Regular unleaded gasoline at self service filling stations","Cents per litre","57","units","0","v735086","14.2","136.8","","","","1"
"2022-10","Edmonton, Alberta","2011S0503835","Regular unleaded gasoline at self service filling stations","Cents per litre","57","units","0","v735086","14.2","163.4","","","","1"
"2022-11","Edmonton, Alberta","2011S0503835","Regular unleaded gasoline at self service filling stations","Cents per litre","57","units","0","v735086","14.2","148.1","","","","1"
"2022-12","Edmonton, Alberta","2011S0503835","Regular unleaded gasoline at self service filling stations","Cents per litre","57","units","0","v735086","14.2","126.2","","","","1"
"2023-01","Edmonton, Alberta","2011S0503835","Regular unleaded gasoline at self service filling stations","Cents per litre","57","units","0","v735086","14.2","127.4","","","","1"
"2023-02","Edmonton, Alberta","2011S0503835","Regular unleaded gasoline at self service filling stations","Cents per litre","57","units","0","v735086","14.2","123.0","","","","1"
"2023-03","Edmonton, Alberta","2011S0503835","Regular unleaded gasoline at self service filling stations","Cents per litre","57","units","0","v735086","14.2","129.0","","","","1"
"2023-04","Edmonton, Alberta","2011S0503835","Regular unleaded gasoline at self service filling stations","Cents per litre","57","units","0","v735086","14.2","140.4","","","","1"
"2021-01","Calgary, Alberta","2011S0503825","Regular unleaded gasoline at self service filling stations","Cents per litre","57","units","0","v735087","15.2","102.8","","","","1"
"2021-02","Calgary, Alberta","2011S0503825","Regular unleaded gasoline at self service filling stations","Cents per litre","57","units","0","v735087","15.2","111.3","","","","1"
"2021-03","Calgary, Alberta","2011S0503825","Regular unleaded gasoline at self service filling stations","Cents per litre","57","units","0","v735087","15.2","117.3","","","","1"
"2021-04","Calgary, Alberta","2011S0503825","Regular unleaded gasoline at self service filling stations","Cents per litre","57","units","0","v735087","15.2","123.6","","","","1"
"2021-05","Calgary, Alberta","2011S0503825","Regular unleaded gasoline at self service filling stations","Cents per litre","57","units","0","v735087","15.2","127.3","","","","1"
"2021-06","Calgary, Alberta","2011S0503825","Regular unleaded gasoline at self service filling stations","Cents per litre","57","units","0","v735087","15.2","130.3","","","","1"
"2021-07","Calgary, Alberta","2011S0503825","Regular unleaded gasoline at self service filling stations","Cents per litre","57","units","0","v735087","15.2","135.6","","","","1"
"2021-08","Calgary, Alberta","2011S0503825","Regular unleaded gasoline at self service filling stations","Cents per litre","57","units","0","v735087","15.2","135.2","","","","1"
"2021-09","Calgary, Alberta","2011S0503825","Regular unleaded gasoline at self service filling stations","Cents per litre","57","units","0","v735087","15.2","133.1","","","","1"
"2021-10","Calgary, Alberta","2011S0503825","Regular unleaded gasoline at self service filling stations","Cents per litre","57","units","0","v735087","15.2","140.8","","","","1"
"2021-11","Calgary, Alberta","2011S0503825","Regular unleaded gasoline at self service filling stations","Cents per litre","57","units","0","v735087","15.2","141.9","","","","1"
"2021-12","Calgary, Alberta","2011S0503825","Regular unleaded gasoline at self service filling stations","Cents per litre","57","units","0","v735087","15.2","139.5","","","","1"
"2022-01","Calgary, Alberta","2011S0503825","Regular unleaded gasoline at self service filling stations","Cents per litre","57","units","0","v735087","15.2","138.9","","","","1"
"2022-02","Calgary, Alberta","2011S0503825","Regular unleaded gasoline at self service filling stations","Cents per litre","57","units","0","v735087","15.2","145.4","","","","1"
"2022-03","Calgary, Alberta","2011S0503825","Regular unleaded gasoline at self service filling stations","Cents per litre","57","units","0","v735087","15.2","164.7","","","","1"
"2022-04","Calgary, Alberta","2011S0503825","Regular unleaded gasoline at self service filling stations","Cents per litre","57","units","0","v735087","15.2","155.5","","","","1"
"2022-05","Calgary, Alberta","2011S0503825","Regular unleaded gasoline at self service filling stations","Cents per litre","57","units","0","v735087","15.2","167.4","","","","1"
"2022-06","Calgary, Alberta","2011S0503825","Regular unleaded gasoline at self service filling stations","Cents per litre","57","units","0","v735087","15.2","189.5","","","","1"
"2022-07","Calgary, Alberta","2011S0503825","Regular unleaded gasoline at self service filling stations","Cents per litre","57","units","0","v735087","15.2","183.1","","","","1"
"2022-08","Calgary, Alberta","2011S0503825","Regular unleaded gasoline at self service filling stations","Cents per litre","57","units","0","v735087","15.2","153.0","","","","1"
"2022-09","Calgary, Alberta","2011S0503825","Regular unleaded gasoline at self service filling stations","Cents per litre","57","units","0","v735087","15.2","144.2","","","","1"
"2022-10","Calgary, Alberta","2011S0503825","Regular unleaded gasoline at self service filling stations","Cents per litre","57","units","0","v735087","15.2","167.1","","","","1"
"2022-11","Calgary, Alberta","2011S0503825","Regular unleaded gasoline at self service filling stations","Cents per litre","57","units","0","v735087","15.2","149.3","","","","1"
"2022-12","Calgary, Alberta","2011S0503825","Regular unleaded gasoline at self service filling stations","Cents per litre","57","units","0","v735087","15.2","124.2","","","","1"
"2023-01","Calgary, Alberta","2011S0503825","Regular unleaded gasoline at self service filling stations","Cents per litre","57","units","0","v735087","15.2","128.6","","","","1"
"2023-02","Calgary, Alberta","2011S0503825","Regular unleaded gasoline at self service filling stations","Cents per litre","57","units","0","v735087","15.2","125.5","","","","1"
"2023-03","Calgary, Alberta","2011S0503825","Regular unleaded gasoline at self service filling stations","Cents per litre","57","units","0","v735087","15.2","132.2","","","","1"
"2023-04","Calgary, Alberta","2011S0503825","Regular unleaded gasoline at self service filling stations","Cents per litre","57","units","0","v735087","15.2","145.1","","","","1"
"2021-01","Vancouver, British Columbia","2011S0503933","Regular unleaded gasoline at self service filling stations","Cents per litre","57","units","0","v735088","16.2","134.6","","","","1"
"2021-02","Vancouver, British Columbia","2011S0503933","Regular unleaded gasoline at self service filling stations","Cents per litre","57","units","0","v735088","16.2","141.2","","","","1"
"2021-03","Vancouver, British Columbia","2011S0503933","Regular unleaded gasoline at self service filling stations","Cents per litre","57","units","0","v735088","16.2","149.6","","","","1"
"2021-04","Vancouver, British Columbia","2011S0503933","Regular unleaded gasoline at self service filling stations","Cents per litre","57","units","0","v735088","16.2","152.2","","","","1"
"2021-05","Vancouver, British Columbia","2011S0503933","Regular unleaded gasoline at self service filling stations","Cents per litre","57","units","0","v735088","16.2","155.6","","","","1"
"2021-06","Vancouver, British Columbia","2011S0503933","Regular unleaded gasoline at self service filling stations","Cents per litre","57","units","0","v735088","16.2","161.1","","","","1"
"2021-07","Vancouver, British Columbia","2011S0503933","Regular unleaded gasoline at self service filling stations","Cents per litre","57","units","0","v735088","16.2","169.1","","","","1"
"2021-08","Vancouver, British Columbia","2011S0503933","Regular unleaded gasoline at self service filling stations","Cents per litre","57","units","0","v735088","16.2","165.6","","","","1"
"2021-09","Vancouver, British Columbia","2011S0503933","Regular unleaded gasoline at self service filling stations","Cents per litre","57","units","0","v735088","16.2","156.7","","","","1"
"2021-10","Vancouver, British Columbia","2011S0503933","Regular unleaded gasoline at self service filling stations","Cents per litre","57","units","0","v735088","16.2","162.4","","","","1"
"2021-11","Vancouver, British Columbia","2011S0503933","Regular unleaded gasoline at self service filling stations","Cents per litre","57","units","0","v735088","16.2","159.8","","","","1"
"2021-12","Vancouver, British Columbia","2011S0503933","Regular unleaded gasoline at self service filling stations","Cents per litre","57","units","0","v735088","16.2","157.2","","","","1"
"2022-01","Vancouver, British Columbia","2011S0503933","Regular unleaded gasoline at self service filling stations","Cents per litre","57","units","0","v735088","16.2","170.5","","","","1"
"2022-02","Vancouver, British Columbia","2011S0503933","Regular unleaded gasoline at self service filling stations","Cents per litre","57","units","0","v735088","16.2","177.1","","","","1"
"2022-03","Vancouver, British Columbia","2011S0503933","Regular unleaded gasoline at self service filling stations","Cents per litre","57","units","0","v735088","16.2","198.3","","","","1"
"2022-04","Vancouver, British Columbia","2011S0503933","Regular unleaded gasoline at self service filling stations","Cents per litre","57","units","0","v735088","16.2","198.5","","","","1"
"2022-05","Vancouver, British Columbia","2011S0503933","Regular unleaded gasoline at self service filling stations","Cents per litre","57","units","0","v735088","16.2","220.1","","","","1"
"2022-06","Vancouver, British Columbia","2011S0503933","Regular unleaded gasoline at self service filling stations","Cents per litre","57","units","0","v735088","16.2","225.4","","","","1"
"2022-07","Vancouver, British Columbia","2011S0503933","Regular unleaded gasoline at self service filling stations","Cents per litre","57","units","0","v735088","16.2","202.4","","","","1"
"2022-08","Vancouver, British Columbia","2011S0503933","Regular unleaded gasoline at self service filling stations","Cents per litre","57","units","0","v735088","16.2","193.2","","","","1"
"2022-09","Vancouver, British Columbia","2011S0503933","Regular unleaded gasoline at self service filling stations","Cents per litre","57","units","0","v735088","16.2","205.7","","","","1"
"2022-10","Vancouver, British Columbia","2011S0503933","Regular unleaded gasoline at self service filling stations","Cents per litre","57","units","0","v735088","16.2","206.9","","","","1"
"2022-11","Vancouver, British Columbia","2011S0503933","Regular unleaded gasoline at self service filling stations","Cents per litre","57","units","0","v735088","16.2","183.5","","","","1"
"2022-12","Vancouver, British Columbia","2011S0503933","Regular unleaded gasoline at self service filling stations","Cents per litre","57","units","0","v735088","16.2","164.1","","","","1"
"2023-01","Vancouver, British Columbia","2011S0503933","Regular unleaded gasoline at self service filling stations","Cents per litre","57","units","0","v735088","16.2","179.3","","","","1"
"2023-02","Vancouver, British Columbia","2011S0503933","Regular unleaded gasoline at self service filling stations","Cents per litre","57","units","0","v735088","16.2","183.3","","","","1"
"2023-03","Vancouver, British Columbia","2011S0503933","Regular unleaded gasoline at self service filling stations","Cents per litre","57","units","0","v735088","16.2","183.0","","","","1"
"2023-04","Vancouver, British Columbia","2011S0503933","Regular unleaded gasoline at self service filling stations","Cents per litre","57","units","0","v735088","16.2","188.9","","","","1"
"2021-01","Victoria, British Columbia","2011S0503935","Regular unleaded gasoline at self service filling stations","Cents per litre","57","units","0","v735089","17.2","128.0","","","","1"
"2021-02","Victoria, British Columbia","2011S0503935","Regular unleaded gasoline at self service filling stations","Cents per litre","57","units","0","v735089","17.2","137.6","","","","1"
"2021-03","Victoria, British Columbia","2011S0503935","Regular unleaded gasoline at self service filling stations","Cents per litre","57","units","0","v735089","17.2","148.1","","","","1"
"2021-04","Victoria, British Columbia","2011S0503935","Regular unleaded gasoline at self service filling stations","Cents per litre","57","units","0","v735089","17.2","148.3","","","","1"
"2021-05","Victoria, British Columbia","2011S0503935","Regular unleaded gasoline at self service filling stations","Cents per litre","57","units","0","v735089","17.2","154.3","","","","1"
"2021-06","Victoria, British Columbia","2011S0503935","Regular unleaded gasoline at self service filling stations","Cents per litre","57","units","0","v735089","17.2","155.2","","","","1"
"2021-07","Victoria, British Columbia","2011S0503935","Regular unleaded gasoline at self service filling stations","Cents per litre","57","units","0","v735089","17.2","167.2","","","","1"
"2021-08","Victoria, British Columbia","2011S0503935","Regular unleaded gasoline at self service filling stations","Cents per litre","57","units","0","v735089","17.2","163.1","","","","1"
"2021-09","Victoria, British Columbia","2011S0503935","Regular unleaded gasoline at self service filling stations","Cents per litre","57","units","0","v735089","17.2","156.3","","","","1"
"2021-10","Victoria, British Columbia","2011S0503935","Regular unleaded gasoline at self service filling stations","Cents per litre","57","units","0","v735089","17.2","160.9","","","","1"
"2021-11","Victoria, British Columbia","2011S0503935","Regular unleaded gasoline at self service filling stations","Cents per litre","57","units","0","v735089","17.2","158.2","","","","1"
"2021-12","Victoria, British Columbia","2011S0503935","Regular unleaded gasoline at self service filling stations","Cents per litre","57","units","0","v735089","17.2","152.6","","","","1"
"2022-01","Victoria, British Columbia","2011S0503935","Regular unleaded gasoline at self service filling stations","Cents per litre","57","units","0","v735089","17.2","164.6","","","","1"
"2022-02","Victoria, British Columbia","2011S0503935","Regular unleaded gasoline at self service filling stations","Cents per litre","57","units","0","v735089","17.2","170.1","","","","1"
"2022-03","Victoria, British Columbia","2011S0503935","Regular unleaded gasoline at self service filling stations","Cents per litre","57","units","0","v735089","17.2","196.6","","","","1"
"2022-04","Victoria, British Columbia","2011S0503935","Regular unleaded gasoline at self service filling stations","Cents per litre","57","units","0","v735089","17.2","194.1","","","","1"
"2022-05","Victoria, British Columbia","2011S0503935","Regular unleaded gasoline at self service filling stations","Cents per litre","57","units","0","v735089","17.2","217.4","","","","1"
"2022-06","Victoria, British Columbia","2011S0503935","Regular unleaded gasoline at self service filling stations","Cents per litre","57","units","0","v735089","17.2","225.2","","","","1"
"2022-07","Victoria, British Columbia","2011S0503935","Regular unleaded gasoline at self service filling stations","Cents per litre","57","units","0","v735089","17.2","203.0","","","","1"
"2022-08","Victoria, British Columbia","2011S0503935","Regular unleaded gasoline at self service filling stations","Cents per litre","57","units","0","v735089","17.2","189.0","","","","1"
"2022-09","Victoria, British Columbia","2011S0503935","Regular unleaded gasoline at self service filling stations","Cents per litre","57","units","0","v735089","17.2","196.5","","","","1"
"2022-10","Victoria, British Columbia","2011S0503935","Regular unleaded gasoline at self service filling stations","Cents per litre","57","units","0","v735089","17.2","211.6","","","","1"
"2022-11","Victoria, British Columbia","2011S0503935","Regular unleaded gasoline at self service filling stations","Cents per litre","57","units","0","v735089","17.2","185.7","","","","1"
"2022-12","Victoria, British Columbia","2011S0503935","Regular unleaded gasoline at self service filling stations","Cents per litre","57","units","0","v735089","17.2","160.4","","","","1"
"2023-01","Victoria, British Columbia","2011S0503935","Regular unleaded gasoline at self service filling stations","Cents per litre","57","units","0","v735089","17.2","173.4","","","","1"
"2023-02","Victoria, British Columbia","2011S0503935","Regular unleaded gasoline at self service filling stations","Cents per litre","57","units","0","v735089","17.2","178.6","","","","1"
"2023-03","Victoria, British Columbia","2011S0503935","Regular unleaded gasoline at self service filling stations","Cents per litre","57","units","0","v735089","17.2","180.9","","","","1"
"2023-04","Victoria, British Columbia","2011S0503935","Regular unleaded gasoline at self service filling stations","Cents per litre","57","units","0","v735089","17.2","184.9","","","","1"
"2021-01","Whitehorse, Yukon","2011A00056001009","Regular unleaded gasoline at self service filling stations","Cents per litre","57","units","0","v735090","18.2","124.1","","","","1"
"2021-02","Whitehorse, Yukon","2011A00056001009","Regular unleaded gasoline at self service filling stations","Cents per litre","57","units","0","v735090","18.2","127.1","","","","1"
"2021-03","Whitehorse, Yukon","2011A00056001009","Regular unleaded gasoline at self service filling stations","Cents per litre","57","units","0","v735090","18.2","132.8","","","","1"
"2021-04","Whitehorse, Yukon","2011A00056001009","Regular unleaded gasoline at self service filling stations","Cents per litre","57","units","0","v735090","18.2","139.8","","","","1"
"2021-05","Whitehorse, Yukon","2011A00056001009","Regular unleaded gasoline at self service filling stations","Cents per litre","57","units","0","v735090","18.2","141.6","","","","1"
"2021-06","Whitehorse, Yukon","2011A00056001009","Regular unleaded gasoline at self service filling stations","Cents per litre","57","units","0","v735090","18.2","144.9","","","","1"
"2021-07","Whitehorse, Yukon","2011A00056001009","Regular unleaded gasoline at self service filling stations","Cents per litre","57","units","0","v735090","18.2","148.9","","","","1"
"2021-08","Whitehorse, Yukon","2011A00056001009","Regular unleaded gasoline at self service filling stations","Cents per litre","57","units","0","v735090","18.2","154.6","","","","1"
"2021-09","Whitehorse, Yukon","2011A00056001009","Regular unleaded gasoline at self service filling stations","Cents per litre","57","units","0","v735090","18.2","155.8","","","","1"
"2021-10","Whitehorse, Yukon","2011A00056001009","Regular unleaded gasoline at self service filling stations","Cents per litre","57","units","0","v735090","18.2","155.9","","","","1"
"2021-11","Whitehorse, Yukon","2011A00056001009","Regular unleaded gasoline at self service filling stations","Cents per litre","57","units","0","v735090","18.2","155.9","","","","1"
"2021-12","Whitehorse, Yukon","2011A00056001009","Regular unleaded gasoline at self service filling stations","Cents per litre","57","units","0","v735090","18.2","155.9","","","","1"
"2022-01","Whitehorse, Yukon","2011A00056001009","Regular unleaded gasoline at self service filling stations","Cents per litre","57","units","0","v735090","18.2","157.2","","","","1"
"2022-02","Whitehorse, Yukon","2011A00056001009","Regular unleaded gasoline at self service filling stations","Cents per litre","57","units","0","v735090","18.2","164.5","","","","1"
"2022-03","Whitehorse, Yukon","2011A00056001009","Regular unleaded gasoline at self service filling stations","Cents per litre","57","units","0","v735090","18.2","177.0","","","","1"
"2022-04","Whitehorse, Yukon","2011A00056001009","Regular unleaded gasoline at self service filling stations","Cents per litre","57","units","0","v735090","18.2","182.8","","","","1"
"2022-05","Whitehorse, Yukon","2011A00056001009","Regular unleaded gasoline at self service filling stations","Cents per litre","57","units","0","v735090","18.2","202.2","","","","1"
"2022-06","Whitehorse, Yukon","2011A00056001009","Regular unleaded gasoline at self service filling stations","Cents per litre","57","units","0","v735090","18.2","217.1","","","","1"
"2022-07","Whitehorse, Yukon","2011A00056001009","Regular unleaded gasoline at self service filling stations","Cents per litre","57","units","0","v735090","18.2","208.5","","","","1"
"2022-08","Whitehorse, Yukon","2011A00056001009","Regular unleaded gasoline at self service filling stations","Cents per litre","57","units","0","v735090","18.2","186.6","","","","1"
"2022-09","Whitehorse, Yukon","2011A00056001009","Regular unleaded gasoline at self service filling stations","Cents per litre","57","units","0","v735090","18.2","186.2","","","","1"
"2022-10","Whitehorse, Yukon","2011A00056001009","Regular unleaded gasoline at self service filling stations","Cents per litre","57","units","0","v735090","18.2","199.9","","","","1"
"2022-11","Whitehorse, Yukon","2011A00056001009","Regular unleaded gasoline at self service filling stations","Cents per litre","57","units","0","v735090","18.2","186.3","","","","1"
"2022-12","Whitehorse, Yukon","2011A00056001009","Regular unleaded gasoline at self service filling stations","Cents per litre","57","units","0","v735090","18.2","174.5","","","","1"
"2023-01","Whitehorse, Yukon","2011A00056001009","Regular unleaded gasoline at self service filling stations","Cents per litre","57","units","0","v735090","18.2","169.6","","","","1"
"2023-02","Whitehorse, Yukon","2011A00056001009","Regular unleaded gasoline at self service filling stations","Cents per litre","57","units","0","v735090","18.2","167.8","","","","1"
"2023-03","Whitehorse, Yukon","2011A00056001009","Regular unleaded gasoline at self service filling stations","Cents per litre","57","units","0","v735090","18.2","169.2","","","","1"
"2023-04","Whitehorse, Yukon","2011A00056001009","Regular unleaded gasoline at self service filling stations","Cents per litre","57","units","0","v735090","18.2","183.1","","","","1"
"2021-01","Yellowknife, Northwest Territories","2011A00056106023","Regular unleaded gasoline at self service filling stations","Cents per litre","57","units","0","v735091","19.2","121.4","","","","1"
"2021-02","Yellowknife, Northwest Territories","2011A00056106023","Regular unleaded gasoline at self service filling stations","Cents per litre","57","units","0","v735091","19.2","124.3","","","","1"
"2021-03","Yellowknife, Northwest Territories","2011A00056106023","Regular unleaded gasoline at self service filling stations","Cents per litre","57","units","0","v735091","19.2","130.4","","","","1"
"2021-04","Yellowknife, Northwest Territories","2011A00056106023","Regular unleaded gasoline at self service filling stations","Cents per litre","57","units","0","v735091","19.2","135.7","","","","1"
"2021-05","Yellowknife, Northwest Territories","2011A00056106023","Regular unleaded gasoline at self service filling stations","Cents per litre","57","units","0","v735091","19.2","140.9","","","","1"
"2021-06","Yellowknife, Northwest Territories","2011A00056106023","Regular unleaded gasoline at self service filling stations","Cents per litre","57","units","0","v735091","19.2","143.1","","","","1"
"2021-07","Yellowknife, Northwest Territories","2011A00056106023","Regular unleaded gasoline at self service filling stations","Cents per litre","57","units","0","v735091","19.2","147.6","","","","1"
"2021-08","Yellowknife, Northwest Territories","2011A00056106023","Regular unleaded gasoline at self service filling stations","Cents per litre","57","units","0","v735091","19.2","149.8","","","","1"
"2021-09","Yellowknife, Northwest Territories","2011A00056106023","Regular unleaded gasoline at self service filling stations","Cents per litre","57","units","0","v735091","19.2","149.9","","","","1"
"2021-10","Yellowknife, Northwest Territories","2011A00056106023","Regular unleaded gasoline at self service filling stations","Cents per litre","57","units","0","v735091","19.2","150.6","","","","1"
"2021-11","Yellowknife, Northwest Territories","2011A00056106023","Regular unleaded gasoline at self service filling stations","Cents per litre","57","units","0","v735091","19.2","152.8","","","","1"
"2021-12","Yellowknife, Northwest Territories","2011A00056106023","Regular unleaded gasoline at self service filling stations","Cents per litre","57","units","0","v735091","19.2","151.5","","","","1"
"2022-01","Yellowknife, Northwest Territories","2011A00056106023","Regular unleaded gasoline at self service filling stations","Cents per litre","57","units","0","v735091","19.2","151.5","","","","1"
"2022-02","Yellowknife, Northwest Territories","2011A00056106023","Regular unleaded gasoline at self service filling stations","Cents per litre","57","units","0","v735091","19.2","158.1","","","","1"
"2022-03","Yellowknife, Northwest Territories","2011A00056106023","Regular unleaded gasoline at self service filling stations","Cents per litre","57","units","0","v735091","19.2","175.6","","","","1"
"2022-04","Yellowknife, Northwest Territories","2011A00056106023","Regular unleaded gasoline at self service filling stations","Cents per litre","57","units","0","v735091","19.2","174.4","","","","1"
"2022-05","Yellowknife, Northwest Territories","2011A00056106023","Regular unleaded gasoline at self service filling stations","Cents per litre","57","units","0","v735091","19.2","187.0","","","","1"
"2022-06","Yellowknife, Northwest Territories","2011A00056106023","Regular unleaded gasoline at self service filling stations","Cents per litre","57","units","0","v735091","19.2","208.1","","","","1"
"2022-07","Yellowknife, Northwest Territories","2011A00056106023","Regular unleaded gasoline at self service filling stations","Cents per litre","57","units","0","v735091","19.2","200.0","","","","1"
"2022-08","Yellowknife, Northwest Territories","2011A00056106023","Regular unleaded gasoline at self service filling stations","Cents per litre","57","units","0","v735091","19.2","177.1","","","","1"
"2022-09","Yellowknife, Northwest Territories","2011A00056106023","Regular unleaded gasoline at self service filling stations","Cents per litre","57","units","0","v735091","19.2","173.9","","","","1"
"2022-10","Yellowknife, Northwest Territories","2011A00056106023","Regular unleaded gasoline at self service filling stations","Cents per litre","57","units","0","v735091","19.2","180.2","","","","1"
"2022-11","Yellowknife, Northwest Territories","2011A00056106023","Regular unleaded gasoline at self service filling stations","Cents per litre","57","units","0","v735091","19.2","174.1","","","","1"
"2022-12","Yellowknife, Northwest Territories","2011A00056106023","Regular unleaded gasoline at self service filling stations","Cents per litre","57","units","0","v735091","19.2","158.7","","","","1"
"2023-01","Yellowknife, Northwest Territories","2011A00056106023","Regular unleaded gasoline at self service filling stations","Cents per litre","57","units","0","v735091","19.2","158.0","","","","1"
"2023-02","Yellowknife, Northwest Territories","2011A00056106023","Regular unleaded gasoline at self service filling stations","Cents per litre","57","units","0","v735091","19.2","160.7","","","","1"
"2023-03","Yellowknife, Northwest Territories","2011A00056106023","Regular unleaded gasoline at self service filling stations","Cents per litre","57","units","0","v735091","19.2","162.3","","","","1"
"2023-04","Yellowknife, Northwest Territories","2011A00056106023","Regular unleaded gasoline at self service filling stations","Cents per litre","57","units","0","v735091","19.2","166.9","","","","1"


